group,variable,value,field
'I have never written code','18-21',18.0,'all'
'I have never written code','22-24',36.0,'all'
'I have never written code','25-29',72.0,'all'
'I have never written code','30-34',64.0,'all'
'I have never written code','35-39',61.0,'all'
'I have never written code','40-44',46.0,'all'
'I have never written code','45-49',27.0,'all'
'I have never written code','50-54',16.0,'all'
'I have never written code','55-59',10.0,'all'
'I have never written code','60-69',15.0,'all'
'I have never written code','70+',2.0,'all'
'1-2 years','18-21',171.0,'all'
'1-2 years','22-24',370.0,'all'
'1-2 years','25-29',431.0,'all'
'1-2 years','30-34',236.0,'all'
'1-2 years','35-39',135.0,'all'
'1-2 years','40-44',79.0,'all'
'1-2 years','45-49',55.0,'all'
'1-2 years','50-54',27.0,'all'
'1-2 years','55-59',13.0,'all'
'1-2 years','60-69',11.0,'all'
'1-2 years','70+',nan,'all'
'3-5 years','18-21',112.0,'all'
'3-5 years','22-24',421.0,'all'
'3-5 years','25-29',670.0,'all'
'3-5 years','30-34',377.0,'all'
'3-5 years','35-39',198.0,'all'
'3-5 years','40-44',118.0,'all'
'3-5 years','45-49',63.0,'all'
'3-5 years','50-54',44.0,'all'
'3-5 years','55-59',20.0,'all'
'3-5 years','60-69',14.0,'all'
'3-5 years','70+',1.0,'all'
'< 1 years','18-21',70.0,'all'
'< 1 years','22-24',183.0,'all'
'< 1 years','25-29',265.0,'all'
'< 1 years','30-34',171.0,'all'
'< 1 years','35-39',95.0,'all'
'< 1 years','40-44',61.0,'all'
'< 1 years','45-49',46.0,'all'
'< 1 years','50-54',23.0,'all'
'< 1 years','55-59',10.0,'all'
'< 1 years','60-69',5.0,'all'
'< 1 years','70+',1.0,'all'
'5-10 years','18-21',12.0,'all'
'5-10 years','22-24',93.0,'all'
'5-10 years','25-29',428.0,'all'
'5-10 years','30-34',516.0,'all'
'5-10 years','35-39',293.0,'all'
'5-10 years','40-44',130.0,'all'
'5-10 years','45-49',88.0,'all'
'5-10 years','50-54',29.0,'all'
'5-10 years','55-59',20.0,'all'
'5-10 years','60-69',14.0,'all'
'5-10 years','70+',2.0,'all'
'10-20 years','18-21',5.0,'all'
'10-20 years','22-24',3.0,'all'
'10-20 years','25-29',70.0,'all'
'10-20 years','30-34',261.0,'all'
'10-20 years','35-39',396.0,'all'
'10-20 years','40-44',271.0,'all'
'10-20 years','45-49',150.0,'all'
'10-20 years','50-54',80.0,'all'
'10-20 years','55-59',34.0,'all'
'10-20 years','60-69',23.0,'all'
'10-20 years','70+',nan,'all'
'20+ years','18-21',3.0,'all'
'20+ years','22-24',1.0,'all'
'20+ years','25-29',1.0,'all'
'20+ years','30-34',8.0,'all'
'20+ years','35-39',56.0,'all'
'20+ years','40-44',169.0,'all'
'20+ years','45-49',196.0,'all'
'20+ years','50-54',215.0,'all'
'20+ years','55-59',123.0,'all'
'20+ years','60-69',159.0,'all'
'20+ years','70+',30.0,'all'
'I have never written code','18-21',nan,'Data Engineer'
'I have never written code','22-24',2.0,'Data Engineer'
'I have never written code','25-29',1.0,'Data Engineer'
'I have never written code','30-34',nan,'Data Engineer'
'I have never written code','35-39',1.0,'Data Engineer'
'I have never written code','40-44',2.0,'Data Engineer'
'I have never written code','45-49',nan,'Data Engineer'
'I have never written code','50-54',nan,'Data Engineer'
'I have never written code','55-59',nan,'Data Engineer'
'I have never written code','60-69',nan,'Data Engineer'
'I have never written code','70+',nan,'Data Engineer'
'1-2 years','18-21',2.0,'Data Engineer'
'1-2 years','22-24',12.0,'Data Engineer'
'1-2 years','25-29',12.0,'Data Engineer'
'1-2 years','30-34',9.0,'Data Engineer'
'1-2 years','35-39',4.0,'Data Engineer'
'1-2 years','40-44',6.0,'Data Engineer'
'1-2 years','45-49',1.0,'Data Engineer'
'1-2 years','50-54',nan,'Data Engineer'
'1-2 years','55-59',1.0,'Data Engineer'
'1-2 years','60-69',nan,'Data Engineer'
'1-2 years','70+',nan,'Data Engineer'
'3-5 years','18-21',3.0,'Data Engineer'
'3-5 years','22-24',12.0,'Data Engineer'
'3-5 years','25-29',45.0,'Data Engineer'
'3-5 years','30-34',16.0,'Data Engineer'
'3-5 years','35-39',4.0,'Data Engineer'
'3-5 years','40-44',1.0,'Data Engineer'
'3-5 years','45-49',1.0,'Data Engineer'
'3-5 years','50-54',4.0,'Data Engineer'
'3-5 years','55-59',nan,'Data Engineer'
'3-5 years','60-69',nan,'Data Engineer'
'3-5 years','70+',nan,'Data Engineer'
'< 1 years','18-21',nan,'Data Engineer'
'< 1 years','22-24',5.0,'Data Engineer'
'< 1 years','25-29',10.0,'Data Engineer'
'< 1 years','30-34',5.0,'Data Engineer'
'< 1 years','35-39',1.0,'Data Engineer'
'< 1 years','40-44',3.0,'Data Engineer'
'< 1 years','45-49',nan,'Data Engineer'
'< 1 years','50-54',nan,'Data Engineer'
'< 1 years','55-59',nan,'Data Engineer'
'< 1 years','60-69',nan,'Data Engineer'
'< 1 years','70+',nan,'Data Engineer'
'5-10 years','18-21',nan,'Data Engineer'
'5-10 years','22-24',4.0,'Data Engineer'
'5-10 years','25-29',20.0,'Data Engineer'
'5-10 years','30-34',23.0,'Data Engineer'
'5-10 years','35-39',14.0,'Data Engineer'
'5-10 years','40-44',3.0,'Data Engineer'
'5-10 years','45-49',1.0,'Data Engineer'
'5-10 years','50-54',nan,'Data Engineer'
'5-10 years','55-59',nan,'Data Engineer'
'5-10 years','60-69',nan,'Data Engineer'
'5-10 years','70+',nan,'Data Engineer'
'10-20 years','18-21',nan,'Data Engineer'
'10-20 years','22-24',nan,'Data Engineer'
'10-20 years','25-29',nan,'Data Engineer'
'10-20 years','30-34',18.0,'Data Engineer'
'10-20 years','35-39',26.0,'Data Engineer'
'10-20 years','40-44',21.0,'Data Engineer'
'10-20 years','45-49',11.0,'Data Engineer'
'10-20 years','50-54',5.0,'Data Engineer'
'10-20 years','55-59',2.0,'Data Engineer'
'10-20 years','60-69',1.0,'Data Engineer'
'10-20 years','70+',nan,'Data Engineer'
'20+ years','18-21',nan,'Data Engineer'
'20+ years','22-24',nan,'Data Engineer'
'20+ years','25-29',nan,'Data Engineer'
'20+ years','30-34',nan,'Data Engineer'
'20+ years','35-39',nan,'Data Engineer'
'20+ years','40-44',5.0,'Data Engineer'
'20+ years','45-49',6.0,'Data Engineer'
'20+ years','50-54',10.0,'Data Engineer'
'20+ years','55-59',4.0,'Data Engineer'
'20+ years','60-69',6.0,'Data Engineer'
'20+ years','70+',1.0,'Data Engineer'
'I have never written code','18-21',6.0,'Data Scientist'
'I have never written code','22-24',4.0,'Data Scientist'
'I have never written code','25-29',4.0,'Data Scientist'
'I have never written code','30-34',2.0,'Data Scientist'
'I have never written code','35-39',2.0,'Data Scientist'
'I have never written code','40-44',1.0,'Data Scientist'
'I have never written code','45-49',2.0,'Data Scientist'
'I have never written code','50-54',nan,'Data Scientist'
'I have never written code','55-59',1.0,'Data Scientist'
'I have never written code','60-69',nan,'Data Scientist'
'I have never written code','70+',nan,'Data Scientist'
'1-2 years','18-21',50.0,'Data Scientist'
'1-2 years','22-24',99.0,'Data Scientist'
'1-2 years','25-29',110.0,'Data Scientist'
'1-2 years','30-34',52.0,'Data Scientist'
'1-2 years','35-39',20.0,'Data Scientist'
'1-2 years','40-44',17.0,'Data Scientist'
'1-2 years','45-49',10.0,'Data Scientist'
'1-2 years','50-54',4.0,'Data Scientist'
'1-2 years','55-59',3.0,'Data Scientist'
'1-2 years','60-69',1.0,'Data Scientist'
'1-2 years','70+',nan,'Data Scientist'
'3-5 years','18-21',33.0,'Data Scientist'
'3-5 years','22-24',118.0,'Data Scientist'
'3-5 years','25-29',232.0,'Data Scientist'
'3-5 years','30-34',128.0,'Data Scientist'
'3-5 years','35-39',64.0,'Data Scientist'
'3-5 years','40-44',35.0,'Data Scientist'
'3-5 years','45-49',18.0,'Data Scientist'
'3-5 years','50-54',11.0,'Data Scientist'
'3-5 years','55-59',3.0,'Data Scientist'
'3-5 years','60-69',3.0,'Data Scientist'
'3-5 years','70+',nan,'Data Scientist'
'< 1 years','18-21',30.0,'Data Scientist'
'< 1 years','22-24',39.0,'Data Scientist'
'< 1 years','25-29',60.0,'Data Scientist'
'< 1 years','30-34',23.0,'Data Scientist'
'< 1 years','35-39',9.0,'Data Scientist'
'< 1 years','40-44',8.0,'Data Scientist'
'< 1 years','45-49',4.0,'Data Scientist'
'< 1 years','50-54',nan,'Data Scientist'
'< 1 years','55-59',1.0,'Data Scientist'
'< 1 years','60-69',1.0,'Data Scientist'
'< 1 years','70+',nan,'Data Scientist'
'5-10 years','18-21',3.0,'Data Scientist'
'5-10 years','22-24',20.0,'Data Scientist'
'5-10 years','25-29',155.0,'Data Scientist'
'5-10 years','30-34',194.0,'Data Scientist'
'5-10 years','35-39',101.0,'Data Scientist'
'5-10 years','40-44',35.0,'Data Scientist'
'5-10 years','45-49',16.0,'Data Scientist'
'5-10 years','50-54',7.0,'Data Scientist'
'5-10 years','55-59',3.0,'Data Scientist'
'5-10 years','60-69',2.0,'Data Scientist'
'5-10 years','70+',2.0,'Data Scientist'
'10-20 years','18-21',2.0,'Data Scientist'
'10-20 years','22-24',1.0,'Data Scientist'
'10-20 years','25-29',18.0,'Data Scientist'
'10-20 years','30-34',86.0,'Data Scientist'
'10-20 years','35-39',115.0,'Data Scientist'
'10-20 years','40-44',68.0,'Data Scientist'
'10-20 years','45-49',32.0,'Data Scientist'
'10-20 years','50-54',12.0,'Data Scientist'
'10-20 years','55-59',4.0,'Data Scientist'
'10-20 years','60-69',1.0,'Data Scientist'
'10-20 years','70+',nan,'Data Scientist'
'20+ years','18-21',1.0,'Data Scientist'
'20+ years','22-24',1.0,'Data Scientist'
'20+ years','25-29',nan,'Data Scientist'
'20+ years','30-34',2.0,'Data Scientist'
'20+ years','35-39',11.0,'Data Scientist'
'20+ years','40-44',45.0,'Data Scientist'
'20+ years','45-49',38.0,'Data Scientist'
'20+ years','50-54',41.0,'Data Scientist'
'20+ years','55-59',23.0,'Data Scientist'
'20+ years','60-69',33.0,'Data Scientist'
'20+ years','70+',11.0,'Data Scientist'
'I have never written code','18-21',1.0,'Research Scientist'
'I have never written code','22-24',2.0,'Research Scientist'
'I have never written code','25-29',3.0,'Research Scientist'
'I have never written code','30-34',8.0,'Research Scientist'
'I have never written code','35-39',3.0,'Research Scientist'
'I have never written code','40-44',6.0,'Research Scientist'
'I have never written code','45-49',6.0,'Research Scientist'
'I have never written code','50-54',1.0,'Research Scientist'
'I have never written code','55-59',nan,'Research Scientist'
'I have never written code','60-69',2.0,'Research Scientist'
'I have never written code','70+',1.0,'Research Scientist'
'1-2 years','18-21',9.0,'Research Scientist'
'1-2 years','22-24',11.0,'Research Scientist'
'1-2 years','25-29',33.0,'Research Scientist'
'1-2 years','30-34',20.0,'Research Scientist'
'1-2 years','35-39',16.0,'Research Scientist'
'1-2 years','40-44',5.0,'Research Scientist'
'1-2 years','45-49',5.0,'Research Scientist'
'1-2 years','50-54',2.0,'Research Scientist'
'1-2 years','55-59',2.0,'Research Scientist'
'1-2 years','60-69',1.0,'Research Scientist'
'1-2 years','70+',nan,'Research Scientist'
'3-5 years','18-21',3.0,'Research Scientist'
'3-5 years','22-24',31.0,'Research Scientist'
'3-5 years','25-29',38.0,'Research Scientist'
'3-5 years','30-34',33.0,'Research Scientist'
'3-5 years','35-39',20.0,'Research Scientist'
'3-5 years','40-44',13.0,'Research Scientist'
'3-5 years','45-49',6.0,'Research Scientist'
'3-5 years','50-54',6.0,'Research Scientist'
'3-5 years','55-59',2.0,'Research Scientist'
'3-5 years','60-69',2.0,'Research Scientist'
'3-5 years','70+',nan,'Research Scientist'
'< 1 years','18-21',nan,'Research Scientist'
'< 1 years','22-24',1.0,'Research Scientist'
'< 1 years','25-29',17.0,'Research Scientist'
'< 1 years','30-34',16.0,'Research Scientist'
'< 1 years','35-39',12.0,'Research Scientist'
'< 1 years','40-44',5.0,'Research Scientist'
'< 1 years','45-49',5.0,'Research Scientist'
'< 1 years','50-54',3.0,'Research Scientist'
'< 1 years','55-59',nan,'Research Scientist'
'< 1 years','60-69',nan,'Research Scientist'
'< 1 years','70+',nan,'Research Scientist'
'5-10 years','18-21',nan,'Research Scientist'
'5-10 years','22-24',9.0,'Research Scientist'
'5-10 years','25-29',50.0,'Research Scientist'
'5-10 years','30-34',54.0,'Research Scientist'
'5-10 years','35-39',33.0,'Research Scientist'
'5-10 years','40-44',25.0,'Research Scientist'
'5-10 years','45-49',10.0,'Research Scientist'
'5-10 years','50-54',6.0,'Research Scientist'
'5-10 years','55-59',4.0,'Research Scientist'
'5-10 years','60-69',3.0,'Research Scientist'
'5-10 years','70+',nan,'Research Scientist'
'10-20 years','18-21',1.0,'Research Scientist'
'10-20 years','22-24',1.0,'Research Scientist'
'10-20 years','25-29',15.0,'Research Scientist'
'10-20 years','30-34',42.0,'Research Scientist'
'10-20 years','35-39',59.0,'Research Scientist'
'10-20 years','40-44',40.0,'Research Scientist'
'10-20 years','45-49',21.0,'Research Scientist'
'10-20 years','50-54',10.0,'Research Scientist'
'10-20 years','55-59',6.0,'Research Scientist'
'10-20 years','60-69',5.0,'Research Scientist'
'10-20 years','70+',nan,'Research Scientist'
'20+ years','18-21',1.0,'Research Scientist'
'20+ years','22-24',nan,'Research Scientist'
'20+ years','25-29',1.0,'Research Scientist'
'20+ years','30-34',2.0,'Research Scientist'
'20+ years','35-39',10.0,'Research Scientist'
'20+ years','40-44',29.0,'Research Scientist'
'20+ years','45-49',27.0,'Research Scientist'
'20+ years','50-54',33.0,'Research Scientist'
'20+ years','55-59',18.0,'Research Scientist'
'20+ years','60-69',30.0,'Research Scientist'
'20+ years','70+',5.0,'Research Scientist'
'I have never written code','18-21',nan,'Statistician'
'I have never written code','22-24',nan,'Statistician'
'I have never written code','25-29',4.0,'Statistician'
'I have never written code','30-34',nan,'Statistician'
'I have never written code','35-39',1.0,'Statistician'
'I have never written code','40-44',2.0,'Statistician'
'I have never written code','45-49',nan,'Statistician'
'I have never written code','50-54',1.0,'Statistician'
'I have never written code','55-59',1.0,'Statistician'
'I have never written code','60-69',nan,'Statistician'
'I have never written code','70+',nan,'Statistician'
'1-2 years','18-21',2.0,'Statistician'
'1-2 years','22-24',11.0,'Statistician'
'1-2 years','25-29',12.0,'Statistician'
'1-2 years','30-34',1.0,'Statistician'
'1-2 years','35-39',3.0,'Statistician'
'1-2 years','40-44',2.0,'Statistician'
'1-2 years','45-49',1.0,'Statistician'
'1-2 years','50-54',4.0,'Statistician'
'1-2 years','55-59',nan,'Statistician'
'1-2 years','60-69',nan,'Statistician'
'1-2 years','70+',nan,'Statistician'
'3-5 years','18-21',3.0,'Statistician'
'3-5 years','22-24',9.0,'Statistician'
'3-5 years','25-29',9.0,'Statistician'
'3-5 years','30-34',9.0,'Statistician'
'3-5 years','35-39',6.0,'Statistician'
'3-5 years','40-44',2.0,'Statistician'
'3-5 years','45-49',1.0,'Statistician'
'3-5 years','50-54',1.0,'Statistician'
'3-5 years','55-59',1.0,'Statistician'
'3-5 years','60-69',1.0,'Statistician'
'3-5 years','70+',1.0,'Statistician'
'< 1 years','18-21',4.0,'Statistician'
'< 1 years','22-24',8.0,'Statistician'
'< 1 years','25-29',6.0,'Statistician'
'< 1 years','30-34',6.0,'Statistician'
'< 1 years','35-39',1.0,'Statistician'
'< 1 years','40-44',nan,'Statistician'
'< 1 years','45-49',1.0,'Statistician'
'< 1 years','50-54',nan,'Statistician'
'< 1 years','55-59',nan,'Statistician'
'< 1 years','60-69',nan,'Statistician'
'< 1 years','70+',nan,'Statistician'
'5-10 years','18-21',nan,'Statistician'
'5-10 years','22-24',2.0,'Statistician'
'5-10 years','25-29',6.0,'Statistician'
'5-10 years','30-34',5.0,'Statistician'
'5-10 years','35-39',8.0,'Statistician'
'5-10 years','40-44',2.0,'Statistician'
'5-10 years','45-49',1.0,'Statistician'
'5-10 years','50-54',nan,'Statistician'
'5-10 years','55-59',3.0,'Statistician'
'5-10 years','60-69',1.0,'Statistician'
'5-10 years','70+',nan,'Statistician'
'10-20 years','18-21',nan,'Statistician'
'10-20 years','22-24',nan,'Statistician'
'10-20 years','25-29',3.0,'Statistician'
'10-20 years','30-34',5.0,'Statistician'
'10-20 years','35-39',4.0,'Statistician'
'10-20 years','40-44',6.0,'Statistician'
'10-20 years','45-49',3.0,'Statistician'
'10-20 years','50-54',4.0,'Statistician'
'10-20 years','55-59',1.0,'Statistician'
'10-20 years','60-69',2.0,'Statistician'
'10-20 years','70+',nan,'Statistician'
'20+ years','18-21',nan,'Statistician'
'20+ years','22-24',nan,'Statistician'
'20+ years','25-29',nan,'Statistician'
'20+ years','30-34',nan,'Statistician'
'20+ years','35-39',nan,'Statistician'
'20+ years','40-44',6.0,'Statistician'
'20+ years','45-49',1.0,'Statistician'
'20+ years','50-54',4.0,'Statistician'
'20+ years','55-59',4.0,'Statistician'
'20+ years','60-69',7.0,'Statistician'
'20+ years','70+',3.0,'Statistician'
'I have never written code','18-21',2.0,'Product/Project Manager'
'I have never written code','22-24',3.0,'Product/Project Manager'
'I have never written code','25-29',10.0,'Product/Project Manager'
'I have never written code','30-34',6.0,'Product/Project Manager'
'I have never written code','35-39',12.0,'Product/Project Manager'
'I have never written code','40-44',8.0,'Product/Project Manager'
'I have never written code','45-49',7.0,'Product/Project Manager'
'I have never written code','50-54',2.0,'Product/Project Manager'
'I have never written code','55-59',1.0,'Product/Project Manager'
'I have never written code','60-69',2.0,'Product/Project Manager'
'I have never written code','70+',nan,'Product/Project Manager'
'1-2 years','18-21',nan,'Product/Project Manager'
'1-2 years','22-24',7.0,'Product/Project Manager'
'1-2 years','25-29',11.0,'Product/Project Manager'
'1-2 years','30-34',14.0,'Product/Project Manager'
'1-2 years','35-39',9.0,'Product/Project Manager'
'1-2 years','40-44',5.0,'Product/Project Manager'
'1-2 years','45-49',10.0,'Product/Project Manager'
'1-2 years','50-54',5.0,'Product/Project Manager'
'1-2 years','55-59',1.0,'Product/Project Manager'
'1-2 years','60-69',1.0,'Product/Project Manager'
'1-2 years','70+',nan,'Product/Project Manager'
'3-5 years','18-21',2.0,'Product/Project Manager'
'3-5 years','22-24',1.0,'Product/Project Manager'
'3-5 years','25-29',8.0,'Product/Project Manager'
'3-5 years','30-34',21.0,'Product/Project Manager'
'3-5 years','35-39',8.0,'Product/Project Manager'
'3-5 years','40-44',16.0,'Product/Project Manager'
'3-5 years','45-49',5.0,'Product/Project Manager'
'3-5 years','50-54',5.0,'Product/Project Manager'
'3-5 years','55-59',3.0,'Product/Project Manager'
'3-5 years','60-69',1.0,'Product/Project Manager'
'3-5 years','70+',nan,'Product/Project Manager'
'< 1 years','18-21',nan,'Product/Project Manager'
'< 1 years','22-24',2.0,'Product/Project Manager'
'< 1 years','25-29',10.0,'Product/Project Manager'
'< 1 years','30-34',13.0,'Product/Project Manager'
'< 1 years','35-39',6.0,'Product/Project Manager'
'< 1 years','40-44',3.0,'Product/Project Manager'
'< 1 years','45-49',13.0,'Product/Project Manager'
'< 1 years','50-54',5.0,'Product/Project Manager'
'< 1 years','55-59',1.0,'Product/Project Manager'
'< 1 years','60-69',nan,'Product/Project Manager'
'< 1 years','70+',nan,'Product/Project Manager'
'5-10 years','18-21',nan,'Product/Project Manager'
'5-10 years','22-24',nan,'Product/Project Manager'
'5-10 years','25-29',5.0,'Product/Project Manager'
'5-10 years','30-34',15.0,'Product/Project Manager'
'5-10 years','35-39',21.0,'Product/Project Manager'
'5-10 years','40-44',10.0,'Product/Project Manager'
'5-10 years','45-49',12.0,'Product/Project Manager'
'5-10 years','50-54',4.0,'Product/Project Manager'
'5-10 years','55-59',3.0,'Product/Project Manager'
'5-10 years','60-69',nan,'Product/Project Manager'
'5-10 years','70+',nan,'Product/Project Manager'
'10-20 years','18-21',nan,'Product/Project Manager'
'10-20 years','22-24',nan,'Product/Project Manager'
'10-20 years','25-29',1.0,'Product/Project Manager'
'10-20 years','30-34',8.0,'Product/Project Manager'
'10-20 years','35-39',28.0,'Product/Project Manager'
'10-20 years','40-44',17.0,'Product/Project Manager'
'10-20 years','45-49',15.0,'Product/Project Manager'
'10-20 years','50-54',12.0,'Product/Project Manager'
'10-20 years','55-59',3.0,'Product/Project Manager'
'10-20 years','60-69',3.0,'Product/Project Manager'
'10-20 years','70+',nan,'Product/Project Manager'
'20+ years','18-21',nan,'Product/Project Manager'
'20+ years','22-24',nan,'Product/Project Manager'
'20+ years','25-29',nan,'Product/Project Manager'
'20+ years','30-34',2.0,'Product/Project Manager'
'20+ years','35-39',3.0,'Product/Project Manager'
'20+ years','40-44',13.0,'Product/Project Manager'
'20+ years','45-49',9.0,'Product/Project Manager'
'20+ years','50-54',21.0,'Product/Project Manager'
'20+ years','55-59',11.0,'Product/Project Manager'
'20+ years','60-69',9.0,'Product/Project Manager'
'20+ years','70+',1.0,'Product/Project Manager'
'I have never written code','18-21',3.0,'Data Analyst'
'I have never written code','22-24',7.0,'Data Analyst'
'I have never written code','25-29',10.0,'Data Analyst'
'I have never written code','30-34',17.0,'Data Analyst'
'I have never written code','35-39',9.0,'Data Analyst'
'I have never written code','40-44',10.0,'Data Analyst'
'I have never written code','45-49',1.0,'Data Analyst'
'I have never written code','50-54',1.0,'Data Analyst'
'I have never written code','55-59',nan,'Data Analyst'
'I have never written code','60-69',3.0,'Data Analyst'
'I have never written code','70+',nan,'Data Analyst'
'1-2 years','18-21',25.0,'Data Analyst'
'1-2 years','22-24',88.0,'Data Analyst'
'1-2 years','25-29',103.0,'Data Analyst'
'1-2 years','30-34',57.0,'Data Analyst'
'1-2 years','35-39',34.0,'Data Analyst'
'1-2 years','40-44',16.0,'Data Analyst'
'1-2 years','45-49',11.0,'Data Analyst'
'1-2 years','50-54',1.0,'Data Analyst'
'1-2 years','55-59',2.0,'Data Analyst'
'1-2 years','60-69',3.0,'Data Analyst'
'1-2 years','70+',nan,'Data Analyst'
'3-5 years','18-21',13.0,'Data Analyst'
'3-5 years','22-24',61.0,'Data Analyst'
'3-5 years','25-29',99.0,'Data Analyst'
'3-5 years','30-34',54.0,'Data Analyst'
'3-5 years','35-39',44.0,'Data Analyst'
'3-5 years','40-44',14.0,'Data Analyst'
'3-5 years','45-49',9.0,'Data Analyst'
'3-5 years','50-54',4.0,'Data Analyst'
'3-5 years','55-59',2.0,'Data Analyst'
'3-5 years','60-69',nan,'Data Analyst'
'3-5 years','70+',nan,'Data Analyst'
'< 1 years','18-21',11.0,'Data Analyst'
'< 1 years','22-24',49.0,'Data Analyst'
'< 1 years','25-29',64.0,'Data Analyst'
'< 1 years','30-34',33.0,'Data Analyst'
'< 1 years','35-39',25.0,'Data Analyst'
'< 1 years','40-44',10.0,'Data Analyst'
'< 1 years','45-49',3.0,'Data Analyst'
'< 1 years','50-54',3.0,'Data Analyst'
'< 1 years','55-59',1.0,'Data Analyst'
'< 1 years','60-69',1.0,'Data Analyst'
'< 1 years','70+',nan,'Data Analyst'
'5-10 years','18-21',4.0,'Data Analyst'
'5-10 years','22-24',3.0,'Data Analyst'
'5-10 years','25-29',30.0,'Data Analyst'
'5-10 years','30-34',35.0,'Data Analyst'
'5-10 years','35-39',31.0,'Data Analyst'
'5-10 years','40-44',16.0,'Data Analyst'
'5-10 years','45-49',6.0,'Data Analyst'
'5-10 years','50-54',5.0,'Data Analyst'
'5-10 years','55-59',2.0,'Data Analyst'
'5-10 years','60-69',nan,'Data Analyst'
'5-10 years','70+',nan,'Data Analyst'
'10-20 years','18-21',nan,'Data Analyst'
'10-20 years','22-24',nan,'Data Analyst'
'10-20 years','25-29',3.0,'Data Analyst'
'10-20 years','30-34',8.0,'Data Analyst'
'10-20 years','35-39',18.0,'Data Analyst'
'10-20 years','40-44',18.0,'Data Analyst'
'10-20 years','45-49',16.0,'Data Analyst'
'10-20 years','50-54',7.0,'Data Analyst'
'10-20 years','55-59',4.0,'Data Analyst'
'10-20 years','60-69',2.0,'Data Analyst'
'10-20 years','70+',nan,'Data Analyst'
'20+ years','18-21',nan,'Data Analyst'
'20+ years','22-24',nan,'Data Analyst'
'20+ years','25-29',nan,'Data Analyst'
'20+ years','30-34',nan,'Data Analyst'
'20+ years','35-39',1.0,'Data Analyst'
'20+ years','40-44',7.0,'Data Analyst'
'20+ years','45-49',9.0,'Data Analyst'
'20+ years','50-54',12.0,'Data Analyst'
'20+ years','55-59',6.0,'Data Analyst'
'20+ years','60-69',5.0,'Data Analyst'
'20+ years','70+',1.0,'Data Analyst'
'I have never written code','18-21',1.0,'Software Engineer'
'I have never written code','22-24',3.0,'Software Engineer'
'I have never written code','25-29',2.0,'Software Engineer'
'I have never written code','30-34',nan,'Software Engineer'
'I have never written code','35-39',4.0,'Software Engineer'
'I have never written code','40-44',nan,'Software Engineer'
'I have never written code','45-49',1.0,'Software Engineer'
'I have never written code','50-54',nan,'Software Engineer'
'I have never written code','55-59',nan,'Software Engineer'
'I have never written code','60-69',nan,'Software Engineer'
'I have never written code','70+',nan,'Software Engineer'
'1-2 years','18-21',20.0,'Software Engineer'
'1-2 years','22-24',54.0,'Software Engineer'
'1-2 years','25-29',36.0,'Software Engineer'
'1-2 years','30-34',8.0,'Software Engineer'
'1-2 years','35-39',nan,'Software Engineer'
'1-2 years','40-44',6.0,'Software Engineer'
'1-2 years','45-49',nan,'Software Engineer'
'1-2 years','50-54',1.0,'Software Engineer'
'1-2 years','55-59',nan,'Software Engineer'
'1-2 years','60-69',nan,'Software Engineer'
'1-2 years','70+',nan,'Software Engineer'
'3-5 years','18-21',25.0,'Software Engineer'
'3-5 years','22-24',83.0,'Software Engineer'
'3-5 years','25-29',82.0,'Software Engineer'
'3-5 years','30-34',28.0,'Software Engineer'
'3-5 years','35-39',8.0,'Software Engineer'
'3-5 years','40-44',3.0,'Software Engineer'
'3-5 years','45-49',6.0,'Software Engineer'
'3-5 years','50-54',1.0,'Software Engineer'
'3-5 years','55-59',nan,'Software Engineer'
'3-5 years','60-69',nan,'Software Engineer'
'3-5 years','70+',nan,'Software Engineer'
'< 1 years','18-21',8.0,'Software Engineer'
'< 1 years','22-24',14.0,'Software Engineer'
'< 1 years','25-29',9.0,'Software Engineer'
'< 1 years','30-34',5.0,'Software Engineer'
'< 1 years','35-39',1.0,'Software Engineer'
'< 1 years','40-44',2.0,'Software Engineer'
'< 1 years','45-49',nan,'Software Engineer'
'< 1 years','50-54',nan,'Software Engineer'
'< 1 years','55-59',nan,'Software Engineer'
'< 1 years','60-69',nan,'Software Engineer'
'< 1 years','70+',nan,'Software Engineer'
'5-10 years','18-21',4.0,'Software Engineer'
'5-10 years','22-24',30.0,'Software Engineer'
'5-10 years','25-29',56.0,'Software Engineer'
'5-10 years','30-34',84.0,'Software Engineer'
'5-10 years','35-39',25.0,'Software Engineer'
'5-10 years','40-44',11.0,'Software Engineer'
'5-10 years','45-49',8.0,'Software Engineer'
'5-10 years','50-54',nan,'Software Engineer'
'5-10 years','55-59',nan,'Software Engineer'
'5-10 years','60-69',1.0,'Software Engineer'
'5-10 years','70+',nan,'Software Engineer'
'10-20 years','18-21',1.0,'Software Engineer'
'10-20 years','22-24',nan,'Software Engineer'
'10-20 years','25-29',8.0,'Software Engineer'
'10-20 years','30-34',44.0,'Software Engineer'
'10-20 years','35-39',68.0,'Software Engineer'
'10-20 years','40-44',41.0,'Software Engineer'
'10-20 years','45-49',18.0,'Software Engineer'
'10-20 years','50-54',8.0,'Software Engineer'
'10-20 years','55-59',5.0,'Software Engineer'
'10-20 years','60-69',2.0,'Software Engineer'
'10-20 years','70+',nan,'Software Engineer'
'20+ years','18-21',nan,'Software Engineer'
'20+ years','22-24',nan,'Software Engineer'
'20+ years','25-29',nan,'Software Engineer'
'20+ years','30-34',nan,'Software Engineer'
'20+ years','35-39',8.0,'Software Engineer'
'20+ years','40-44',23.0,'Software Engineer'
'20+ years','45-49',53.0,'Software Engineer'
'20+ years','50-54',41.0,'Software Engineer'
'20+ years','55-59',29.0,'Software Engineer'
'20+ years','60-69',24.0,'Software Engineer'
'20+ years','70+',3.0,'Software Engineer'
'I have never written code','18-21',nan,'Machine Learning Engineer'
'I have never written code','22-24',4.0,'Machine Learning Engineer'
'I have never written code','25-29',3.0,'Machine Learning Engineer'
'I have never written code','30-34',2.0,'Machine Learning Engineer'
'I have never written code','35-39',1.0,'Machine Learning Engineer'
'I have never written code','40-44',1.0,'Machine Learning Engineer'
'I have never written code','45-49',nan,'Machine Learning Engineer'
'I have never written code','50-54',nan,'Machine Learning Engineer'
'I have never written code','55-59',nan,'Machine Learning Engineer'
'I have never written code','60-69',1.0,'Machine Learning Engineer'
'I have never written code','70+',nan,'Machine Learning Engineer'
'1-2 years','18-21',45.0,'Machine Learning Engineer'
'1-2 years','22-24',47.0,'Machine Learning Engineer'
'1-2 years','25-29',42.0,'Machine Learning Engineer'
'1-2 years','30-34',19.0,'Machine Learning Engineer'
'1-2 years','35-39',10.0,'Machine Learning Engineer'
'1-2 years','40-44',nan,'Machine Learning Engineer'
'1-2 years','45-49',4.0,'Machine Learning Engineer'
'1-2 years','50-54',1.0,'Machine Learning Engineer'
'1-2 years','55-59',nan,'Machine Learning Engineer'
'1-2 years','60-69',2.0,'Machine Learning Engineer'
'1-2 years','70+',nan,'Machine Learning Engineer'
'3-5 years','18-21',26.0,'Machine Learning Engineer'
'3-5 years','22-24',68.0,'Machine Learning Engineer'
'3-5 years','25-29',90.0,'Machine Learning Engineer'
'3-5 years','30-34',33.0,'Machine Learning Engineer'
'3-5 years','35-39',14.0,'Machine Learning Engineer'
'3-5 years','40-44',3.0,'Machine Learning Engineer'
'3-5 years','45-49',1.0,'Machine Learning Engineer'
'3-5 years','50-54',2.0,'Machine Learning Engineer'
'3-5 years','55-59',1.0,'Machine Learning Engineer'
'3-5 years','60-69',2.0,'Machine Learning Engineer'
'3-5 years','70+',nan,'Machine Learning Engineer'
'< 1 years','18-21',11.0,'Machine Learning Engineer'
'< 1 years','22-24',23.0,'Machine Learning Engineer'
'< 1 years','25-29',16.0,'Machine Learning Engineer'
'< 1 years','30-34',7.0,'Machine Learning Engineer'
'< 1 years','35-39',6.0,'Machine Learning Engineer'
'< 1 years','40-44',2.0,'Machine Learning Engineer'
'< 1 years','45-49',1.0,'Machine Learning Engineer'
'< 1 years','50-54',nan,'Machine Learning Engineer'
'< 1 years','55-59',nan,'Machine Learning Engineer'
'< 1 years','60-69',1.0,'Machine Learning Engineer'
'< 1 years','70+',1.0,'Machine Learning Engineer'
'5-10 years','18-21',1.0,'Machine Learning Engineer'
'5-10 years','22-24',21.0,'Machine Learning Engineer'
'5-10 years','25-29',67.0,'Machine Learning Engineer'
'5-10 years','30-34',58.0,'Machine Learning Engineer'
'5-10 years','35-39',22.0,'Machine Learning Engineer'
'5-10 years','40-44',5.0,'Machine Learning Engineer'
'5-10 years','45-49',7.0,'Machine Learning Engineer'
'5-10 years','50-54',1.0,'Machine Learning Engineer'
'5-10 years','55-59',1.0,'Machine Learning Engineer'
'5-10 years','60-69',nan,'Machine Learning Engineer'
'5-10 years','70+',nan,'Machine Learning Engineer'
'10-20 years','18-21',1.0,'Machine Learning Engineer'
'10-20 years','22-24',1.0,'Machine Learning Engineer'
'10-20 years','25-29',14.0,'Machine Learning Engineer'
'10-20 years','30-34',30.0,'Machine Learning Engineer'
'10-20 years','35-39',32.0,'Machine Learning Engineer'
'10-20 years','40-44',16.0,'Machine Learning Engineer'
'10-20 years','45-49',9.0,'Machine Learning Engineer'
'10-20 years','50-54',3.0,'Machine Learning Engineer'
'10-20 years','55-59',nan,'Machine Learning Engineer'
'10-20 years','60-69',1.0,'Machine Learning Engineer'
'10-20 years','70+',nan,'Machine Learning Engineer'
'20+ years','18-21',1.0,'Machine Learning Engineer'
'20+ years','22-24',nan,'Machine Learning Engineer'
'20+ years','25-29',nan,'Machine Learning Engineer'
'20+ years','30-34',1.0,'Machine Learning Engineer'
'20+ years','35-39',9.0,'Machine Learning Engineer'
'20+ years','40-44',9.0,'Machine Learning Engineer'
'20+ years','45-49',12.0,'Machine Learning Engineer'
'20+ years','50-54',14.0,'Machine Learning Engineer'
'20+ years','55-59',5.0,'Machine Learning Engineer'
'20+ years','60-69',10.0,'Machine Learning Engineer'
'20+ years','70+',nan,'Machine Learning Engineer'
'I have never written code','18-21',nan,'Other'
'I have never written code','22-24',4.0,'Other'
'I have never written code','25-29',17.0,'Other'
'I have never written code','30-34',18.0,'Other'
'I have never written code','35-39',12.0,'Other'
'I have never written code','40-44',8.0,'Other'
'I have never written code','45-49',8.0,'Other'
'I have never written code','50-54',9.0,'Other'
'I have never written code','55-59',6.0,'Other'
'I have never written code','60-69',7.0,'Other'
'I have never written code','70+',1.0,'Other'
'1-2 years','18-21',5.0,'Other'
'1-2 years','22-24',23.0,'Other'
'1-2 years','25-29',32.0,'Other'
'1-2 years','30-34',33.0,'Other'
'1-2 years','35-39',20.0,'Other'
'1-2 years','40-44',14.0,'Other'
'1-2 years','45-49',9.0,'Other'
'1-2 years','50-54',7.0,'Other'
'1-2 years','55-59',1.0,'Other'
'1-2 years','60-69',2.0,'Other'
'1-2 years','70+',nan,'Other'
'3-5 years','18-21',2.0,'Other'
'3-5 years','22-24',23.0,'Other'
'3-5 years','25-29',31.0,'Other'
'3-5 years','30-34',23.0,'Other'
'3-5 years','35-39',14.0,'Other'
'3-5 years','40-44',21.0,'Other'
'3-5 years','45-49',11.0,'Other'
'3-5 years','50-54',4.0,'Other'
'3-5 years','55-59',4.0,'Other'
'3-5 years','60-69',4.0,'Other'
'3-5 years','70+',nan,'Other'
'< 1 years','18-21',3.0,'Other'
'< 1 years','22-24',15.0,'Other'
'< 1 years','25-29',39.0,'Other'
'< 1 years','30-34',31.0,'Other'
'< 1 years','35-39',16.0,'Other'
'< 1 years','40-44',18.0,'Other'
'< 1 years','45-49',9.0,'Other'
'< 1 years','50-54',7.0,'Other'
'< 1 years','55-59',5.0,'Other'
'< 1 years','60-69',1.0,'Other'
'< 1 years','70+',nan,'Other'
'5-10 years','18-21',nan,'Other'
'5-10 years','22-24',2.0,'Other'
'5-10 years','25-29',25.0,'Other'
'5-10 years','30-34',26.0,'Other'
'5-10 years','35-39',19.0,'Other'
'5-10 years','40-44',13.0,'Other'
'5-10 years','45-49',11.0,'Other'
'5-10 years','50-54',2.0,'Other'
'5-10 years','55-59',4.0,'Other'
'5-10 years','60-69',2.0,'Other'
'5-10 years','70+',nan,'Other'
'10-20 years','18-21',nan,'Other'
'10-20 years','22-24',nan,'Other'
'10-20 years','25-29',7.0,'Other'
'10-20 years','30-34',16.0,'Other'
'10-20 years','35-39',26.0,'Other'
'10-20 years','40-44',25.0,'Other'
'10-20 years','45-49',14.0,'Other'
'10-20 years','50-54',12.0,'Other'
'10-20 years','55-59',6.0,'Other'
'10-20 years','60-69',5.0,'Other'
'10-20 years','70+',nan,'Other'
'20+ years','18-21',nan,'Other'
'20+ years','22-24',nan,'Other'
'20+ years','25-29',nan,'Other'
'20+ years','30-34',1.0,'Other'
'20+ years','35-39',14.0,'Other'
'20+ years','40-44',24.0,'Other'
'20+ years','45-49',27.0,'Other'
'20+ years','50-54',28.0,'Other'
'20+ years','55-59',15.0,'Other'
'20+ years','60-69',17.0,'Other'
'20+ years','70+',5.0,'Other'
'I have never written code','18-21',4.0,'Business Analyst'
'I have never written code','22-24',7.0,'Business Analyst'
'I have never written code','25-29',17.0,'Business Analyst'
'I have never written code','30-34',11.0,'Business Analyst'
'I have never written code','35-39',16.0,'Business Analyst'
'I have never written code','40-44',8.0,'Business Analyst'
'I have never written code','45-49',2.0,'Business Analyst'
'I have never written code','50-54',2.0,'Business Analyst'
'I have never written code','55-59',1.0,'Business Analyst'
'I have never written code','60-69',nan,'Business Analyst'
'I have never written code','70+',nan,'Business Analyst'
'1-2 years','18-21',9.0,'Business Analyst'
'1-2 years','22-24',16.0,'Business Analyst'
'1-2 years','25-29',36.0,'Business Analyst'
'1-2 years','30-34',22.0,'Business Analyst'
'1-2 years','35-39',18.0,'Business Analyst'
'1-2 years','40-44',8.0,'Business Analyst'
'1-2 years','45-49',4.0,'Business Analyst'
'1-2 years','50-54',2.0,'Business Analyst'
'1-2 years','55-59',3.0,'Business Analyst'
'1-2 years','60-69',1.0,'Business Analyst'
'1-2 years','70+',nan,'Business Analyst'
'3-5 years','18-21',2.0,'Business Analyst'
'3-5 years','22-24',13.0,'Business Analyst'
'3-5 years','25-29',32.0,'Business Analyst'
'3-5 years','30-34',31.0,'Business Analyst'
'3-5 years','35-39',14.0,'Business Analyst'
'3-5 years','40-44',10.0,'Business Analyst'
'3-5 years','45-49',5.0,'Business Analyst'
'3-5 years','50-54',6.0,'Business Analyst'
'3-5 years','55-59',3.0,'Business Analyst'
'3-5 years','60-69',1.0,'Business Analyst'
'3-5 years','70+',nan,'Business Analyst'
'< 1 years','18-21',3.0,'Business Analyst'
'< 1 years','22-24',26.0,'Business Analyst'
'< 1 years','25-29',32.0,'Business Analyst'
'< 1 years','30-34',31.0,'Business Analyst'
'< 1 years','35-39',18.0,'Business Analyst'
'< 1 years','40-44',10.0,'Business Analyst'
'< 1 years','45-49',10.0,'Business Analyst'
'< 1 years','50-54',5.0,'Business Analyst'
'< 1 years','55-59',2.0,'Business Analyst'
'< 1 years','60-69',1.0,'Business Analyst'
'< 1 years','70+',nan,'Business Analyst'
'5-10 years','18-21',nan,'Business Analyst'
'5-10 years','22-24',2.0,'Business Analyst'
'5-10 years','25-29',12.0,'Business Analyst'
'5-10 years','30-34',20.0,'Business Analyst'
'5-10 years','35-39',15.0,'Business Analyst'
'5-10 years','40-44',7.0,'Business Analyst'
'5-10 years','45-49',12.0,'Business Analyst'
'5-10 years','50-54',3.0,'Business Analyst'
'5-10 years','55-59',nan,'Business Analyst'
'5-10 years','60-69',4.0,'Business Analyst'
'5-10 years','70+',nan,'Business Analyst'
'10-20 years','18-21',nan,'Business Analyst'
'10-20 years','22-24',nan,'Business Analyst'
'10-20 years','25-29',1.0,'Business Analyst'
'10-20 years','30-34',nan,'Business Analyst'
'10-20 years','35-39',16.0,'Business Analyst'
'10-20 years','40-44',11.0,'Business Analyst'
'10-20 years','45-49',8.0,'Business Analyst'
'10-20 years','50-54',6.0,'Business Analyst'
'10-20 years','55-59',3.0,'Business Analyst'
'10-20 years','60-69',1.0,'Business Analyst'
'10-20 years','70+',nan,'Business Analyst'
'20+ years','18-21',nan,'Business Analyst'
'20+ years','22-24',nan,'Business Analyst'
'20+ years','25-29',nan,'Business Analyst'
'20+ years','30-34',nan,'Business Analyst'
'20+ years','35-39',nan,'Business Analyst'
'20+ years','40-44',7.0,'Business Analyst'
'20+ years','45-49',12.0,'Business Analyst'
'20+ years','50-54',8.0,'Business Analyst'
'20+ years','55-59',8.0,'Business Analyst'
'20+ years','60-69',8.0,'Business Analyst'
'20+ years','70+',nan,'Business Analyst'
'I have never written code','18-21',1.0,'DBA/Database Engineer'
'I have never written code','22-24',nan,'DBA/Database Engineer'
'I have never written code','25-29',1.0,'DBA/Database Engineer'
'I have never written code','30-34',nan,'DBA/Database Engineer'
'I have never written code','35-39',nan,'DBA/Database Engineer'
'I have never written code','40-44',nan,'DBA/Database Engineer'
'I have never written code','45-49',nan,'DBA/Database Engineer'
'I have never written code','50-54',nan,'DBA/Database Engineer'
'I have never written code','55-59',nan,'DBA/Database Engineer'
'I have never written code','60-69',nan,'DBA/Database Engineer'
'I have never written code','70+',nan,'DBA/Database Engineer'
'1-2 years','18-21',4.0,'DBA/Database Engineer'
'1-2 years','22-24',2.0,'DBA/Database Engineer'
'1-2 years','25-29',4.0,'DBA/Database Engineer'
'1-2 years','30-34',1.0,'DBA/Database Engineer'
'1-2 years','35-39',1.0,'DBA/Database Engineer'
'1-2 years','40-44',nan,'DBA/Database Engineer'
'1-2 years','45-49',nan,'DBA/Database Engineer'
'1-2 years','50-54',nan,'DBA/Database Engineer'
'1-2 years','55-59',nan,'DBA/Database Engineer'
'1-2 years','60-69',nan,'DBA/Database Engineer'
'1-2 years','70+',nan,'DBA/Database Engineer'
'3-5 years','18-21',nan,'DBA/Database Engineer'
'3-5 years','22-24',2.0,'DBA/Database Engineer'
'3-5 years','25-29',4.0,'DBA/Database Engineer'
'3-5 years','30-34',1.0,'DBA/Database Engineer'
'3-5 years','35-39',2.0,'DBA/Database Engineer'
'3-5 years','40-44',nan,'DBA/Database Engineer'
'3-5 years','45-49',nan,'DBA/Database Engineer'
'3-5 years','50-54',nan,'DBA/Database Engineer'
'3-5 years','55-59',1.0,'DBA/Database Engineer'
'3-5 years','60-69',nan,'DBA/Database Engineer'
'3-5 years','70+',nan,'DBA/Database Engineer'
'< 1 years','18-21',nan,'DBA/Database Engineer'
'< 1 years','22-24',1.0,'DBA/Database Engineer'
'< 1 years','25-29',2.0,'DBA/Database Engineer'
'< 1 years','30-34',1.0,'DBA/Database Engineer'
'< 1 years','35-39',nan,'DBA/Database Engineer'
'< 1 years','40-44',nan,'DBA/Database Engineer'
'< 1 years','45-49',nan,'DBA/Database Engineer'
'< 1 years','50-54',nan,'DBA/Database Engineer'
'< 1 years','55-59',nan,'DBA/Database Engineer'
'< 1 years','60-69',nan,'DBA/Database Engineer'
'< 1 years','70+',nan,'DBA/Database Engineer'
'5-10 years','18-21',nan,'DBA/Database Engineer'
'5-10 years','22-24',nan,'DBA/Database Engineer'
'5-10 years','25-29',2.0,'DBA/Database Engineer'
'5-10 years','30-34',2.0,'DBA/Database Engineer'
'5-10 years','35-39',4.0,'DBA/Database Engineer'
'5-10 years','40-44',3.0,'DBA/Database Engineer'
'5-10 years','45-49',4.0,'DBA/Database Engineer'
'5-10 years','50-54',1.0,'DBA/Database Engineer'
'5-10 years','55-59',nan,'DBA/Database Engineer'
'5-10 years','60-69',1.0,'DBA/Database Engineer'
'5-10 years','70+',nan,'DBA/Database Engineer'
'10-20 years','18-21',nan,'DBA/Database Engineer'
'10-20 years','22-24',nan,'DBA/Database Engineer'
'10-20 years','25-29',nan,'DBA/Database Engineer'
'10-20 years','30-34',4.0,'DBA/Database Engineer'
'10-20 years','35-39',4.0,'DBA/Database Engineer'
'10-20 years','40-44',8.0,'DBA/Database Engineer'
'10-20 years','45-49',3.0,'DBA/Database Engineer'
'10-20 years','50-54',1.0,'DBA/Database Engineer'
'10-20 years','55-59',nan,'DBA/Database Engineer'
'10-20 years','60-69',nan,'DBA/Database Engineer'
'10-20 years','70+',nan,'DBA/Database Engineer'
'20+ years','18-21',nan,'DBA/Database Engineer'
'20+ years','22-24',nan,'DBA/Database Engineer'
'20+ years','25-29',nan,'DBA/Database Engineer'
'20+ years','30-34',nan,'DBA/Database Engineer'
'20+ years','35-39',nan,'DBA/Database Engineer'
'20+ years','40-44',1.0,'DBA/Database Engineer'
'20+ years','45-49',2.0,'DBA/Database Engineer'
'20+ years','50-54',3.0,'DBA/Database Engineer'
'20+ years','55-59',nan,'DBA/Database Engineer'
'20+ years','60-69',10.0,'DBA/Database Engineer'
'20+ years','70+',nan,'DBA/Database Engineer'
